"","state","stateabb","year","rec","med","dec","ill","recballot","recint","medint","medyear","recyear","medyrs"
"50","Alaska","AK",1992,0,0,1,0,1,0,0,1998,2014,-6
"51","Alaska","AK",2008,0,1,1,0,1,0,0,1998,2014,10
"52","Alaska","AK",1980,0,0,1,0,1,0,0,1998,2014,-18
"53","Alaska","AK",1990,0,0,1,0,1,0,0,1998,2014,-8
"54","Alaska","AK",2006,0,1,1,0,1,0,0,1998,2014,8
"55","Alaska","AK",1973,0,0,0,1,1,0,0,1998,2014,-25
"56","Alaska","AK",2007,0,1,1,0,1,0,0,1998,2014,9
"57","Alaska","AK",2009,0,1,1,0,1,0,0,1998,2014,11
"58","Alaska","AK",2016,1,1,1,0,1,0,0,1998,2014,18
"59","Alaska","AK",2013,0,1,1,0,1,0,0,1998,2014,15
"60","Alaska","AK",1974,0,0,0,1,1,0,0,1998,2014,-24
"61","Alaska","AK",1991,0,0,1,0,1,0,0,1998,2014,-7
"62","Alaska","AK",2018,1,1,1,0,1,0,0,1998,2014,20
"63","Alaska","AK",2011,0,1,1,0,1,0,0,1998,2014,13
"64","Alaska","AK",2021,1,1,1,0,1,0,0,1998,2014,23
"65","Alaska","AK",1987,0,0,1,0,1,0,0,1998,2014,-11
"66","Alaska","AK",1997,0,0,1,0,1,0,0,1998,2014,-1
"67","Alaska","AK",1983,0,0,1,0,1,0,0,1998,2014,-15
"68","Alaska","AK",2010,0,1,1,0,1,0,0,1998,2014,12
"69","Alaska","AK",1989,0,0,1,0,1,0,0,1998,2014,-9
"70","Alaska","AK",1975,0,0,1,0,1,0,0,1998,2014,-23
"71","Alaska","AK",2003,0,1,1,0,1,0,0,1998,2014,5
"72","Alaska","AK",1999,0,1,1,0,1,0,0,1998,2014,1
"73","Alaska","AK",2002,0,1,1,0,1,0,0,1998,2014,4
"74","Alaska","AK",2005,0,1,1,0,1,0,0,1998,2014,7
"75","Alaska","AK",2015,1,1,1,0,1,0,0,1998,2014,17
"76","Alaska","AK",1988,0,0,1,0,1,0,0,1998,2014,-10
"77","Alaska","AK",2001,0,1,1,0,1,0,0,1998,2014,3
"78","Alaska","AK",2014,1,1,1,0,1,1,0,1998,2014,16
"79","Alaska","AK",1977,0,0,1,0,1,0,0,1998,2014,-21
"80","Alaska","AK",1979,0,0,1,0,1,0,0,1998,2014,-19
"81","Alaska","AK",2017,1,1,1,0,1,0,0,1998,2014,19
"82","Alaska","AK",1996,0,0,1,0,1,0,0,1998,2014,-2
"83","Alaska","AK",1982,0,0,1,0,1,0,0,1998,2014,-16
"84","Alaska","AK",1978,0,0,1,0,1,0,0,1998,2014,-20
"85","Alaska","AK",1986,0,0,1,0,1,0,0,1998,2014,-12
"86","Alaska","AK",2019,1,1,1,0,1,0,0,1998,2014,21
"87","Alaska","AK",1995,0,0,1,0,1,0,0,1998,2014,-3
"88","Alaska","AK",1985,0,0,1,0,1,0,0,1998,2014,-13
"89","Alaska","AK",1998,0,1,1,0,1,0,1,1998,2014,0
"90","Alaska","AK",1981,0,0,1,0,1,0,0,1998,2014,-17
"91","Alaska","AK",2004,0,1,1,0,1,0,0,1998,2014,6
"92","Alaska","AK",1994,0,0,1,0,1,0,0,1998,2014,-4
"93","Alaska","AK",2020,1,1,1,0,1,0,0,1998,2014,22
"94","Alaska","AK",1976,0,0,1,0,1,0,0,1998,2014,-22
"95","Alaska","AK",1993,0,0,1,0,1,0,0,1998,2014,-5
"96","Alaska","AK",2000,0,1,1,0,1,0,0,1998,2014,2
"97","Alaska","AK",2012,0,1,1,0,1,0,0,1998,2014,14
"98","Alaska","AK",1984,0,0,1,0,1,0,0,1998,2014,-14
"99","Arizona","AZ",1993,0,0,0,1,1,0,0,2010,2020,-17
"100","Arizona","AZ",2014,0,1,1,0,1,0,0,2010,2020,4
"101","Arizona","AZ",1991,0,0,0,1,1,0,0,2010,2020,-19
"102","Arizona","AZ",1992,0,0,0,1,1,0,0,2010,2020,-18
"103","Arizona","AZ",2009,0,0,0,1,1,0,0,2010,2020,-1
"104","Arizona","AZ",2008,0,0,0,1,1,0,0,2010,2020,-2
"105","Arizona","AZ",1998,0,0,0,1,1,0,0,2010,2020,-12
"106","Arizona","AZ",2012,0,1,1,0,1,0,0,2010,2020,2
"107","Arizona","AZ",1988,0,0,0,1,1,0,0,2010,2020,-22
"108","Arizona","AZ",2007,0,0,0,1,1,0,0,2010,2020,-3
"109","Arizona","AZ",1996,0,0,0,1,1,0,0,2010,2020,-14
"110","Arizona","AZ",2018,0,1,1,0,1,0,0,2010,2020,8
"111","Arizona","AZ",1980,0,0,0,1,1,0,0,2010,2020,-30
"112","Arizona","AZ",2000,0,0,0,1,1,0,0,2010,2020,-10
"113","Arizona","AZ",2005,0,0,0,1,1,0,0,2010,2020,-5
"114","Arizona","AZ",2010,0,1,1,0,1,0,1,2010,2020,0
"115","Arizona","AZ",1979,0,0,0,1,1,0,0,2010,2020,-31
"116","Arizona","AZ",2013,0,1,1,0,1,0,0,2010,2020,3
"117","Arizona","AZ",1994,0,0,0,1,1,0,0,2010,2020,-16
"118","Arizona","AZ",1995,0,0,0,1,1,0,0,2010,2020,-15
"119","Arizona","AZ",2019,0,1,1,0,1,0,0,2010,2020,9
"120","Arizona","AZ",2016,0,1,1,0,1,0,0,2010,2020,6
"121","Arizona","AZ",1981,0,0,0,1,1,0,0,2010,2020,-29
"122","Arizona","AZ",2001,0,0,0,1,1,0,0,2010,2020,-9
"123","Arizona","AZ",1990,0,0,0,1,1,0,0,2010,2020,-20
"124","Arizona","AZ",2011,0,1,1,0,1,0,0,2010,2020,1
"125","Arizona","AZ",2004,0,0,0,1,1,0,0,2010,2020,-6
"126","Arizona","AZ",1976,0,0,0,1,1,0,0,2010,2020,-34
"127","Arizona","AZ",1983,0,0,0,1,1,0,0,2010,2020,-27
"128","Arizona","AZ",2003,0,0,0,1,1,0,0,2010,2020,-7
"129","Arizona","AZ",2006,0,0,0,1,1,0,0,2010,2020,-4
"130","Arizona","AZ",1999,0,0,0,1,1,0,0,2010,2020,-11
"131","Arizona","AZ",2002,0,0,0,1,1,0,0,2010,2020,-8
"132","Arizona","AZ",1978,0,0,0,1,1,0,0,2010,2020,-32
"133","Arizona","AZ",1974,0,0,0,1,1,0,0,2010,2020,-36
"134","Arizona","AZ",2020,1,1,1,0,1,1,0,2010,2020,10
"135","Arizona","AZ",2021,1,1,1,0,1,0,0,2010,2020,11
"136","Arizona","AZ",2015,0,1,1,0,1,0,0,2010,2020,5
"137","Arizona","AZ",1997,0,0,0,1,1,0,0,2010,2020,-13
"138","Arizona","AZ",1977,0,0,0,1,1,0,0,2010,2020,-33
"139","Arizona","AZ",1975,0,0,0,1,1,0,0,2010,2020,-35
"140","Arizona","AZ",1989,0,0,0,1,1,0,0,2010,2020,-21
"141","Arizona","AZ",2017,0,1,1,0,1,0,0,2010,2020,7
"142","Arizona","AZ",1982,0,0,0,1,1,0,0,2010,2020,-28
"143","Arizona","AZ",1986,0,0,0,1,1,0,0,2010,2020,-24
"144","Arizona","AZ",1987,0,0,0,1,1,0,0,2010,2020,-23
"145","Arizona","AZ",1985,0,0,0,1,1,0,0,2010,2020,-25
"146","Arizona","AZ",1984,0,0,0,1,1,0,0,2010,2020,-26
"147","Arizona","AZ",1973,0,0,0,1,1,0,0,2010,2020,-37
"197","California","CA",2017,1,1,1,0,1,0,0,1996,2016,21
"198","California","CA",2011,0,1,1,0,1,0,0,1996,2016,15
"199","California","CA",1999,0,1,1,0,1,0,0,1996,2016,3
"200","California","CA",1979,0,0,1,0,1,0,0,1996,2016,-17
"201","California","CA",1980,0,0,1,0,1,0,0,1996,2016,-16
"202","California","CA",1987,0,0,1,0,1,0,0,1996,2016,-9
"203","California","CA",1997,0,1,1,0,1,0,0,1996,2016,1
"204","California","CA",2004,0,1,1,0,1,0,0,1996,2016,8
"205","California","CA",2003,0,1,1,0,1,0,0,1996,2016,7
"206","California","CA",2009,0,1,1,0,1,0,0,1996,2016,13
"207","California","CA",1995,0,0,1,0,1,0,0,1996,2016,-1
"208","California","CA",1996,0,1,1,0,1,0,1,1996,2016,0
"209","California","CA",1978,0,0,1,0,1,0,0,1996,2016,-18
"210","California","CA",1998,0,1,1,0,1,0,0,1996,2016,2
"211","California","CA",2012,0,1,1,0,1,0,0,1996,2016,16
"212","California","CA",2002,0,1,1,0,1,0,0,1996,2016,6
"213","California","CA",2001,0,1,1,0,1,0,0,1996,2016,5
"214","California","CA",1975,0,0,0,1,1,0,0,1996,2016,-21
"215","California","CA",1984,0,0,1,0,1,0,0,1996,2016,-12
"216","California","CA",2000,0,1,1,0,1,0,0,1996,2016,4
"217","California","CA",2016,1,1,1,0,1,1,0,1996,2016,20
"218","California","CA",2020,1,1,1,0,1,0,0,1996,2016,24
"219","California","CA",1986,0,0,1,0,1,0,0,1996,2016,-10
"220","California","CA",1992,0,0,1,0,1,0,0,1996,2016,-4
"221","California","CA",1982,0,0,1,0,1,0,0,1996,2016,-14
"222","California","CA",2019,1,1,1,0,1,0,0,1996,2016,23
"223","California","CA",2005,0,1,1,0,1,0,0,1996,2016,9
"224","California","CA",1994,0,0,1,0,1,0,0,1996,2016,-2
"225","California","CA",1977,0,0,1,0,1,0,0,1996,2016,-19
"226","California","CA",2008,0,1,1,0,1,0,0,1996,2016,12
"227","California","CA",2014,0,1,1,0,1,0,0,1996,2016,18
"228","California","CA",1991,0,0,1,0,1,0,0,1996,2016,-5
"229","California","CA",2007,0,1,1,0,1,0,0,1996,2016,11
"230","California","CA",2013,0,1,1,0,1,0,0,1996,2016,17
"231","California","CA",1983,0,0,1,0,1,0,0,1996,2016,-13
"232","California","CA",1985,0,0,1,0,1,0,0,1996,2016,-11
"233","California","CA",2006,0,1,1,0,1,0,0,1996,2016,10
"234","California","CA",1974,0,0,0,1,1,0,0,1996,2016,-22
"235","California","CA",1988,0,0,1,0,1,0,0,1996,2016,-8
"236","California","CA",2021,1,1,1,0,1,0,0,1996,2016,25
"237","California","CA",2015,0,1,1,0,1,0,0,1996,2016,19
"238","California","CA",2018,1,1,1,0,1,0,0,1996,2016,22
"239","California","CA",2010,0,1,1,0,1,0,0,1996,2016,14
"240","California","CA",1993,0,0,1,0,1,0,0,1996,2016,-3
"241","California","CA",1989,0,0,1,0,1,0,0,1996,2016,-7
"242","California","CA",1973,0,0,0,1,1,0,0,1996,2016,-23
"243","California","CA",1981,0,0,1,0,1,0,0,1996,2016,-15
"244","California","CA",1976,0,0,1,0,1,0,0,1996,2016,-20
"245","California","CA",1990,0,0,1,0,1,0,0,1996,2016,-6
"246","Colorado","CO",1981,0,0,1,0,1,0,0,2000,2012,-19
"247","Colorado","CO",2020,1,1,1,0,1,0,0,2000,2012,20
"248","Colorado","CO",2014,1,1,1,0,1,0,0,2000,2012,14
"249","Colorado","CO",1998,0,0,1,0,1,0,0,2000,2012,-2
"250","Colorado","CO",2017,1,1,1,0,1,0,0,2000,2012,17
"251","Colorado","CO",2000,0,1,1,0,1,0,1,2000,2012,0
"252","Colorado","CO",1993,0,0,1,0,1,0,0,2000,2012,-7
"253","Colorado","CO",2021,1,1,1,0,1,0,0,2000,2012,21
"254","Colorado","CO",2005,0,1,1,0,1,0,0,2000,2012,5
"255","Colorado","CO",1988,0,0,1,0,1,0,0,2000,2012,-12
"256","Colorado","CO",2012,1,1,1,0,1,1,0,2000,2012,12
"257","Colorado","CO",1995,0,0,1,0,1,0,0,2000,2012,-5
"258","Colorado","CO",1994,0,0,1,0,1,0,0,2000,2012,-6
"259","Colorado","CO",1984,0,0,1,0,1,0,0,2000,2012,-16
"260","Colorado","CO",2018,1,1,1,0,1,0,0,2000,2012,18
"261","Colorado","CO",1987,0,0,1,0,1,0,0,2000,2012,-13
"262","Colorado","CO",2013,1,1,1,0,1,0,0,2000,2012,13
"263","Colorado","CO",1996,0,0,1,0,1,0,0,2000,2012,-4
"264","Colorado","CO",2010,0,1,1,0,1,0,0,2000,2012,10
"265","Colorado","CO",1999,0,0,1,0,1,0,0,2000,2012,-1
"266","Colorado","CO",2019,1,1,1,0,1,0,0,2000,2012,19
"267","Colorado","CO",2015,1,1,1,0,1,0,0,2000,2012,15
"268","Colorado","CO",2002,0,1,1,0,1,0,0,2000,2012,2
"269","Colorado","CO",1985,0,0,1,0,1,0,0,2000,2012,-15
"270","Colorado","CO",2001,0,1,1,0,1,0,0,2000,2012,1
"271","Colorado","CO",2008,0,1,1,0,1,0,0,2000,2012,8
"272","Colorado","CO",1991,0,0,1,0,1,0,0,2000,2012,-9
"273","Colorado","CO",1997,0,0,1,0,1,0,0,2000,2012,-3
"274","Colorado","CO",1980,0,0,1,0,1,0,0,2000,2012,-20
"275","Colorado","CO",2007,0,1,1,0,1,0,0,2000,2012,7
"276","Colorado","CO",2003,0,1,1,0,1,0,0,2000,2012,3
"277","Colorado","CO",1986,0,0,1,0,1,0,0,2000,2012,-14
"278","Colorado","CO",2006,0,1,1,0,1,0,0,2000,2012,6
"279","Colorado","CO",1982,0,0,1,0,1,0,0,2000,2012,-18
"280","Colorado","CO",1978,0,0,1,0,1,0,0,2000,2012,-22
"281","Colorado","CO",1973,0,0,0,1,1,0,0,2000,2012,-27
"282","Colorado","CO",1992,0,0,1,0,1,0,0,2000,2012,-8
"283","Colorado","CO",2011,0,1,1,0,1,0,0,2000,2012,11
"284","Colorado","CO",1976,0,0,1,0,1,0,0,2000,2012,-24
"285","Colorado","CO",1983,0,0,1,0,1,0,0,2000,2012,-17
"286","Colorado","CO",2004,0,1,1,0,1,0,0,2000,2012,4
"287","Colorado","CO",2016,1,1,1,0,1,0,0,2000,2012,16
"288","Colorado","CO",1989,0,0,1,0,1,0,0,2000,2012,-11
"289","Colorado","CO",1974,0,0,0,1,1,0,0,2000,2012,-26
"290","Colorado","CO",1979,0,0,1,0,1,0,0,2000,2012,-21
"291","Colorado","CO",2009,0,1,1,0,1,0,0,2000,2012,9
"292","Colorado","CO",1977,0,0,1,0,1,0,0,2000,2012,-23
"293","Colorado","CO",1975,0,0,1,0,1,0,0,2000,2012,-25
"294","Colorado","CO",1990,0,0,1,0,1,0,0,2000,2012,-10
"295","Connecticut","CT",2019,0,1,1,0,0,0,0,2012,2021,7
"296","Connecticut","CT",1995,0,0,0,1,0,0,0,2012,2021,-17
"297","Connecticut","CT",1989,0,0,0,1,0,0,0,2012,2021,-23
"298","Connecticut","CT",1996,0,0,0,1,0,0,0,2012,2021,-16
"299","Connecticut","CT",1994,0,0,0,1,0,0,0,2012,2021,-18
"300","Connecticut","CT",1984,0,0,0,1,0,0,0,2012,2021,-28
"301","Connecticut","CT",1985,0,0,0,1,0,0,0,2012,2021,-27
"302","Connecticut","CT",2016,0,1,1,0,0,0,0,2012,2021,4
"303","Connecticut","CT",2009,0,0,0,1,0,0,0,2012,2021,-3
"304","Connecticut","CT",2018,0,1,1,0,0,0,0,2012,2021,6
"305","Connecticut","CT",2001,0,0,0,1,0,0,0,2012,2021,-11
"306","Connecticut","CT",1990,0,0,0,1,0,0,0,2012,2021,-22
"307","Connecticut","CT",2004,0,0,0,1,0,0,0,2012,2021,-8
"308","Connecticut","CT",1986,0,0,0,1,0,0,0,2012,2021,-26
"309","Connecticut","CT",1999,0,0,0,1,0,0,0,2012,2021,-13
"310","Connecticut","CT",2002,0,0,0,1,0,0,0,2012,2021,-10
"311","Connecticut","CT",2017,0,1,1,0,0,0,0,2012,2021,5
"312","Connecticut","CT",2020,0,1,1,0,0,0,0,2012,2021,8
"313","Connecticut","CT",2005,0,0,0,1,0,0,0,2012,2021,-7
"314","Connecticut","CT",1998,0,0,0,1,0,0,0,2012,2021,-14
"315","Connecticut","CT",1992,0,0,0,1,0,0,0,2012,2021,-20
"316","Connecticut","CT",2008,0,0,0,1,0,0,0,2012,2021,-4
"317","Connecticut","CT",1976,0,0,0,1,0,0,0,2012,2021,-36
"318","Connecticut","CT",1980,0,0,0,1,0,0,0,2012,2021,-32
"319","Connecticut","CT",2000,0,0,0,1,0,0,0,2012,2021,-12
"320","Connecticut","CT",2003,0,0,0,1,0,0,0,2012,2021,-9
"321","Connecticut","CT",1979,0,0,0,1,0,0,0,2012,2021,-33
"322","Connecticut","CT",2006,0,0,0,1,0,0,0,2012,2021,-6
"323","Connecticut","CT",1982,0,0,0,1,0,0,0,2012,2021,-30
"324","Connecticut","CT",1974,0,0,0,1,0,0,0,2012,2021,-38
"325","Connecticut","CT",2013,0,1,1,0,0,0,0,2012,2021,1
"326","Connecticut","CT",1997,0,0,0,1,0,0,0,2012,2021,-15
"327","Connecticut","CT",1987,0,0,0,1,0,0,0,2012,2021,-25
"328","Connecticut","CT",1981,0,0,0,1,0,0,0,2012,2021,-31
"329","Connecticut","CT",1988,0,0,0,1,0,0,0,2012,2021,-24
"330","Connecticut","CT",1975,0,0,0,1,0,0,0,2012,2021,-37
"331","Connecticut","CT",1993,0,0,0,1,0,0,0,2012,2021,-19
"332","Connecticut","CT",2007,0,0,0,1,0,0,0,2012,2021,-5
"333","Connecticut","CT",2021,1,1,1,0,0,1,0,2012,2021,9
"334","Connecticut","CT",1978,0,0,0,1,0,0,0,2012,2021,-34
"335","Connecticut","CT",1991,0,0,0,1,0,0,0,2012,2021,-21
"336","Connecticut","CT",2010,0,0,0,1,0,0,0,2012,2021,-2
"337","Connecticut","CT",1977,0,0,0,1,0,0,0,2012,2021,-35
"338","Connecticut","CT",2011,0,0,1,0,0,0,0,2012,2021,-1
"339","Connecticut","CT",1983,0,0,0,1,0,0,0,2012,2021,-29
"340","Connecticut","CT",1973,0,0,0,1,0,0,0,2012,2021,-39
"341","Connecticut","CT",2015,0,1,1,0,0,0,0,2012,2021,3
"342","Connecticut","CT",2012,0,1,1,0,0,0,1,2012,2021,0
"343","Connecticut","CT",2014,0,1,1,0,0,0,0,2012,2021,2
"589","Illinois","IL",1980,0,0,0,1,0,0,0,2013,2019,-33
"590","Illinois","IL",1981,0,0,0,1,0,0,0,2013,2019,-32
"591","Illinois","IL",2000,0,0,0,1,0,0,0,2013,2019,-13
"592","Illinois","IL",2007,0,0,0,1,0,0,0,2013,2019,-6
"593","Illinois","IL",2006,0,0,0,1,0,0,0,2013,2019,-7
"594","Illinois","IL",1986,0,0,0,1,0,0,0,2013,2019,-27
"595","Illinois","IL",1987,0,0,0,1,0,0,0,2013,2019,-26
"596","Illinois","IL",1984,0,0,0,1,0,0,0,2013,2019,-29
"597","Illinois","IL",2009,0,0,0,1,0,0,0,2013,2019,-4
"598","Illinois","IL",1999,0,0,0,1,0,0,0,2013,2019,-14
"599","Illinois","IL",2013,0,1,0,0,0,0,1,2013,2019,0
"600","Illinois","IL",1988,0,0,0,1,0,0,0,2013,2019,-25
"601","Illinois","IL",2005,0,0,0,1,0,0,0,2013,2019,-8
"602","Illinois","IL",1985,0,0,0,1,0,0,0,2013,2019,-28
"603","Illinois","IL",1973,0,0,0,1,0,0,0,2013,2019,-40
"604","Illinois","IL",2017,0,1,1,0,0,0,0,2013,2019,4
"605","Illinois","IL",2014,0,1,0,0,0,0,0,2013,2019,1
"606","Illinois","IL",1982,0,0,0,1,0,0,0,2013,2019,-31
"607","Illinois","IL",2021,1,1,1,0,0,0,0,2013,2019,8
"608","Illinois","IL",1974,0,0,0,1,0,0,0,2013,2019,-39
"609","Illinois","IL",1993,0,0,0,1,0,0,0,2013,2019,-20
"610","Illinois","IL",1990,0,0,0,1,0,0,0,2013,2019,-23
"611","Illinois","IL",2012,0,0,0,1,0,0,0,2013,2019,-1
"612","Illinois","IL",2002,0,0,0,1,0,0,0,2013,2019,-11
"613","Illinois","IL",1983,0,0,0,1,0,0,0,2013,2019,-30
"614","Illinois","IL",2019,1,1,1,0,0,1,0,2013,2019,6
"615","Illinois","IL",2008,0,0,0,1,0,0,0,2013,2019,-5
"616","Illinois","IL",2001,0,0,0,1,0,0,0,2013,2019,-12
"617","Illinois","IL",1975,0,0,0,1,0,0,0,2013,2019,-38
"618","Illinois","IL",2004,0,0,0,1,0,0,0,2013,2019,-9
"619","Illinois","IL",2011,0,0,0,1,0,0,0,2013,2019,-2
"620","Illinois","IL",2020,1,1,1,0,0,0,0,2013,2019,7
"621","Illinois","IL",2003,0,0,0,1,0,0,0,2013,2019,-10
"622","Illinois","IL",2010,0,0,0,1,0,0,0,2013,2019,-3
"623","Illinois","IL",1976,0,0,0,1,0,0,0,2013,2019,-37
"624","Illinois","IL",1995,0,0,0,1,0,0,0,2013,2019,-18
"625","Illinois","IL",2016,0,1,1,0,0,0,0,2013,2019,3
"626","Illinois","IL",1992,0,0,0,1,0,0,0,2013,2019,-21
"627","Illinois","IL",1997,0,0,0,1,0,0,0,2013,2019,-16
"628","Illinois","IL",2018,0,1,1,0,0,0,0,2013,2019,5
"629","Illinois","IL",1998,0,0,0,1,0,0,0,2013,2019,-15
"630","Illinois","IL",1996,0,0,0,1,0,0,0,2013,2019,-17
"631","Illinois","IL",1978,0,0,0,1,0,0,0,2013,2019,-35
"632","Illinois","IL",1979,0,0,0,1,0,0,0,2013,2019,-34
"633","Illinois","IL",1994,0,0,0,1,0,0,0,2013,2019,-19
"634","Illinois","IL",1991,0,0,0,1,0,0,0,2013,2019,-22
"635","Illinois","IL",1977,0,0,0,1,0,0,0,2013,2019,-36
"636","Illinois","IL",1989,0,0,0,1,0,0,0,2013,2019,-24
"637","Illinois","IL",2015,0,1,0,0,0,0,0,2013,2019,2
"883","Maine","ME",1981,0,0,1,0,1,0,0,1999,2016,-18
"884","Maine","ME",1987,0,0,1,0,1,0,0,1999,2016,-12
"885","Maine","ME",1997,0,0,1,0,1,0,0,1999,2016,-2
"886","Maine","ME",1974,0,0,0,1,1,0,0,1999,2016,-25
"887","Maine","ME",1982,0,0,1,0,1,0,0,1999,2016,-17
"888","Maine","ME",2008,0,1,1,0,1,0,0,1999,2016,9
"889","Maine","ME",1978,0,0,1,0,1,0,0,1999,2016,-21
"890","Maine","ME",2018,1,1,1,0,1,0,0,1999,2016,19
"891","Maine","ME",1976,0,0,1,0,1,0,0,1999,2016,-23
"892","Maine","ME",1996,0,0,1,0,1,0,0,1999,2016,-3
"893","Maine","ME",2014,0,1,1,0,1,0,0,1999,2016,15
"894","Maine","ME",2011,0,1,1,0,1,0,0,1999,2016,12
"895","Maine","ME",2010,0,1,1,0,1,0,0,1999,2016,11
"896","Maine","ME",2019,1,1,1,0,1,0,0,1999,2016,20
"897","Maine","ME",2016,1,1,1,0,1,1,0,1999,2016,17
"898","Maine","ME",2020,1,1,1,0,1,0,0,1999,2016,21
"899","Maine","ME",1983,0,0,1,0,1,0,0,1999,2016,-16
"900","Maine","ME",1973,0,0,0,1,1,0,0,1999,2016,-26
"901","Maine","ME",1998,0,0,1,0,1,0,0,1999,2016,-1
"902","Maine","ME",2001,0,1,1,0,1,0,0,1999,2016,2
"903","Maine","ME",1989,0,0,1,0,1,0,0,1999,2016,-10
"904","Maine","ME",2013,0,1,1,0,1,0,0,1999,2016,14
"905","Maine","ME",1988,0,0,1,0,1,0,0,1999,2016,-11
"906","Maine","ME",2017,1,1,1,0,1,0,0,1999,2016,18
"907","Maine","ME",2000,0,1,1,0,1,0,0,1999,2016,1
"908","Maine","ME",1986,0,0,1,0,1,0,0,1999,2016,-13
"909","Maine","ME",1984,0,0,1,0,1,0,0,1999,2016,-15
"910","Maine","ME",2003,0,1,1,0,1,0,0,1999,2016,4
"911","Maine","ME",1977,0,0,1,0,1,0,0,1999,2016,-22
"912","Maine","ME",1979,0,0,1,0,1,0,0,1999,2016,-20
"913","Maine","ME",2015,0,1,1,0,1,0,0,1999,2016,16
"914","Maine","ME",2012,0,1,1,0,1,0,0,1999,2016,13
"915","Maine","ME",1991,0,0,1,0,1,0,0,1999,2016,-8
"916","Maine","ME",2007,0,1,1,0,1,0,0,1999,2016,8
"917","Maine","ME",1994,0,0,1,0,1,0,0,1999,2016,-5
"918","Maine","ME",2021,1,1,1,0,1,0,0,1999,2016,22
"919","Maine","ME",1985,0,0,1,0,1,0,0,1999,2016,-14
"920","Maine","ME",1999,0,1,1,0,1,0,1,1999,2016,0
"921","Maine","ME",2002,0,1,1,0,1,0,0,1999,2016,3
"922","Maine","ME",2006,0,1,1,0,1,0,0,1999,2016,7
"923","Maine","ME",1980,0,0,1,0,1,0,0,1999,2016,-19
"924","Maine","ME",1995,0,0,1,0,1,0,0,1999,2016,-4
"925","Maine","ME",2005,0,1,1,0,1,0,0,1999,2016,6
"926","Maine","ME",1990,0,0,1,0,1,0,0,1999,2016,-9
"927","Maine","ME",1993,0,0,1,0,1,0,0,1999,2016,-6
"928","Maine","ME",1975,0,0,1,0,1,0,0,1999,2016,-24
"929","Maine","ME",2004,0,1,1,0,1,0,0,1999,2016,5
"930","Maine","ME",2009,0,1,1,0,1,0,0,1999,2016,10
"931","Maine","ME",1992,0,0,1,0,1,0,0,1999,2016,-7
"981","Massachusetts","MA",2008,0,0,1,0,1,0,0,2012,2016,-4
"982","Massachusetts","MA",1976,0,0,0,1,1,0,0,2012,2016,-36
"983","Massachusetts","MA",1978,0,0,0,1,1,0,0,2012,2016,-34
"984","Massachusetts","MA",2010,0,0,1,0,1,0,0,2012,2016,-2
"985","Massachusetts","MA",1980,0,0,0,1,1,0,0,2012,2016,-32
"986","Massachusetts","MA",2006,0,0,0,1,1,0,0,2012,2016,-6
"987","Massachusetts","MA",2009,0,0,1,0,1,0,0,2012,2016,-3
"988","Massachusetts","MA",2015,0,1,1,0,1,0,0,2012,2016,3
"989","Massachusetts","MA",1977,0,0,0,1,1,0,0,2012,2016,-35
"990","Massachusetts","MA",2012,0,1,1,0,1,0,1,2012,2016,0
"991","Massachusetts","MA",2004,0,0,0,1,1,0,0,2012,2016,-8
"992","Massachusetts","MA",1979,0,0,0,1,1,0,0,2012,2016,-33
"993","Massachusetts","MA",2003,0,0,0,1,1,0,0,2012,2016,-9
"994","Massachusetts","MA",1994,0,0,0,1,1,0,0,2012,2016,-18
"995","Massachusetts","MA",2007,0,0,0,1,1,0,0,2012,2016,-5
"996","Massachusetts","MA",1989,0,0,0,1,1,0,0,2012,2016,-23
"997","Massachusetts","MA",2005,0,0,0,1,1,0,0,2012,2016,-7
"998","Massachusetts","MA",2016,1,1,1,0,1,1,0,2012,2016,4
"999","Massachusetts","MA",1988,0,0,0,1,1,0,0,2012,2016,-24
"1000","Massachusetts","MA",1981,0,0,0,1,1,0,0,2012,2016,-31
"1001","Massachusetts","MA",1996,0,0,0,1,1,0,0,2012,2016,-16
"1002","Massachusetts","MA",1998,0,0,0,1,1,0,0,2012,2016,-14
"1003","Massachusetts","MA",1991,0,0,0,1,1,0,0,2012,2016,-21
"1004","Massachusetts","MA",2021,1,1,1,0,1,0,0,2012,2016,9
"1005","Massachusetts","MA",1975,0,0,0,1,1,0,0,2012,2016,-37
"1006","Massachusetts","MA",2011,0,0,1,0,1,0,0,2012,2016,-1
"1007","Massachusetts","MA",2001,0,0,0,1,1,0,0,2012,2016,-11
"1008","Massachusetts","MA",2017,1,1,1,0,1,0,0,2012,2016,5
"1009","Massachusetts","MA",1999,0,0,0,1,1,0,0,2012,2016,-13
"1010","Massachusetts","MA",1982,0,0,0,1,1,0,0,2012,2016,-30
"1011","Massachusetts","MA",2013,0,1,1,0,1,0,0,2012,2016,1
"1012","Massachusetts","MA",1974,0,0,0,1,1,0,0,2012,2016,-38
"1013","Massachusetts","MA",1995,0,0,0,1,1,0,0,2012,2016,-17
"1014","Massachusetts","MA",1992,0,0,0,1,1,0,0,2012,2016,-20
"1015","Massachusetts","MA",1973,0,0,0,1,1,0,0,2012,2016,-39
"1016","Massachusetts","MA",2019,1,1,1,0,1,0,0,2012,2016,7
"1017","Massachusetts","MA",2020,1,1,1,0,1,0,0,2012,2016,8
"1018","Massachusetts","MA",2014,0,1,1,0,1,0,0,2012,2016,2
"1019","Massachusetts","MA",1990,0,0,0,1,1,0,0,2012,2016,-22
"1020","Massachusetts","MA",1983,0,0,0,1,1,0,0,2012,2016,-29
"1021","Massachusetts","MA",1997,0,0,0,1,1,0,0,2012,2016,-15
"1022","Massachusetts","MA",1985,0,0,0,1,1,0,0,2012,2016,-27
"1023","Massachusetts","MA",2000,0,0,0,1,1,0,0,2012,2016,-12
"1024","Massachusetts","MA",1993,0,0,0,1,1,0,0,2012,2016,-19
"1025","Massachusetts","MA",1986,0,0,0,1,1,0,0,2012,2016,-26
"1026","Massachusetts","MA",2002,0,0,0,1,1,0,0,2012,2016,-10
"1027","Massachusetts","MA",1984,0,0,0,1,1,0,0,2012,2016,-28
"1028","Massachusetts","MA",2018,1,1,1,0,1,0,0,2012,2016,6
"1029","Massachusetts","MA",1987,0,0,0,1,1,0,0,2012,2016,-25
"1030","Michigan","MI",1973,0,0,0,1,1,0,0,2008,2018,-35
"1031","Michigan","MI",2010,0,1,0,0,1,0,0,2008,2018,2
"1032","Michigan","MI",2016,0,1,0,0,1,0,0,2008,2018,8
"1033","Michigan","MI",2009,0,1,0,0,1,0,0,2008,2018,1
"1034","Michigan","MI",1981,0,0,0,1,1,0,0,2008,2018,-27
"1035","Michigan","MI",1996,0,0,0,1,1,0,0,2008,2018,-12
"1036","Michigan","MI",2004,0,0,0,1,1,0,0,2008,2018,-4
"1037","Michigan","MI",2012,0,1,0,0,1,0,0,2008,2018,4
"1038","Michigan","MI",2017,0,1,0,0,1,0,0,2008,2018,9
"1039","Michigan","MI",2018,1,1,0,0,1,1,0,2008,2018,10
"1040","Michigan","MI",2007,0,0,0,1,1,0,0,2008,2018,-1
"1041","Michigan","MI",2014,0,1,0,0,1,0,0,2008,2018,6
"1042","Michigan","MI",1999,0,0,0,1,1,0,0,2008,2018,-9
"1043","Michigan","MI",1989,0,0,0,1,1,0,0,2008,2018,-19
"1044","Michigan","MI",2006,0,0,0,1,1,0,0,2008,2018,-2
"1045","Michigan","MI",1977,0,0,0,1,1,0,0,2008,2018,-31
"1046","Michigan","MI",2005,0,0,0,1,1,0,0,2008,2018,-3
"1047","Michigan","MI",1995,0,0,0,1,1,0,0,2008,2018,-13
"1048","Michigan","MI",2021,1,1,0,0,1,0,0,2008,2018,13
"1049","Michigan","MI",1990,0,0,0,1,1,0,0,2008,2018,-18
"1050","Michigan","MI",2011,0,1,0,0,1,0,0,2008,2018,3
"1051","Michigan","MI",1994,0,0,0,1,1,0,0,2008,2018,-14
"1052","Michigan","MI",1975,0,0,0,1,1,0,0,2008,2018,-33
"1053","Michigan","MI",2000,0,0,0,1,1,0,0,2008,2018,-8
"1054","Michigan","MI",1993,0,0,0,1,1,0,0,2008,2018,-15
"1055","Michigan","MI",1974,0,0,0,1,1,0,0,2008,2018,-34
"1056","Michigan","MI",2013,0,1,0,0,1,0,0,2008,2018,5
"1057","Michigan","MI",1992,0,0,0,1,1,0,0,2008,2018,-16
"1058","Michigan","MI",1976,0,0,0,1,1,0,0,2008,2018,-32
"1059","Michigan","MI",2019,1,1,0,0,1,0,0,2008,2018,11
"1060","Michigan","MI",1991,0,0,0,1,1,0,0,2008,2018,-17
"1061","Michigan","MI",1988,0,0,0,1,1,0,0,2008,2018,-20
"1062","Michigan","MI",1997,0,0,0,1,1,0,0,2008,2018,-11
"1063","Michigan","MI",2008,0,1,0,0,1,0,1,2008,2018,0
"1064","Michigan","MI",1998,0,0,0,1,1,0,0,2008,2018,-10
"1065","Michigan","MI",1979,0,0,0,1,1,0,0,2008,2018,-29
"1066","Michigan","MI",1985,0,0,0,1,1,0,0,2008,2018,-23
"1067","Michigan","MI",1986,0,0,0,1,1,0,0,2008,2018,-22
"1068","Michigan","MI",1982,0,0,0,1,1,0,0,2008,2018,-26
"1069","Michigan","MI",2020,1,1,0,0,1,0,0,2008,2018,12
"1070","Michigan","MI",2015,0,1,0,0,1,0,0,2008,2018,7
"1071","Michigan","MI",1980,0,0,0,1,1,0,0,2008,2018,-28
"1072","Michigan","MI",2001,0,0,0,1,1,0,0,2008,2018,-7
"1073","Michigan","MI",1984,0,0,0,1,1,0,0,2008,2018,-24
"1074","Michigan","MI",1978,0,0,0,1,1,0,0,2008,2018,-30
"1075","Michigan","MI",1983,0,0,0,1,1,0,0,2008,2018,-25
"1076","Michigan","MI",2002,0,0,0,1,1,0,0,2008,2018,-6
"1077","Michigan","MI",2003,0,0,0,1,1,0,0,2008,2018,-5
"1078","Michigan","MI",1987,0,0,0,1,1,0,0,2008,2018,-21
"1226","Montana","MT",1999,0,0,0,1,1,0,0,2004,2020,-5
"1227","Montana","MT",2001,0,0,0,1,1,0,0,2004,2020,-3
"1228","Montana","MT",1984,0,0,0,1,1,0,0,2004,2020,-20
"1229","Montana","MT",1983,0,0,0,1,1,0,0,2004,2020,-21
"1230","Montana","MT",2020,1,1,1,0,1,1,0,2004,2020,16
"1231","Montana","MT",2005,0,1,0,0,1,0,0,2004,2020,1
"1232","Montana","MT",1993,0,0,0,1,1,0,0,2004,2020,-11
"1233","Montana","MT",2008,0,1,0,0,1,0,0,2004,2020,4
"1234","Montana","MT",1989,0,0,0,1,1,0,0,2004,2020,-15
"1235","Montana","MT",2004,0,1,0,0,1,0,1,2004,2020,0
"1236","Montana","MT",1985,0,0,0,1,1,0,0,2004,2020,-19
"1237","Montana","MT",1988,0,0,0,1,1,0,0,2004,2020,-16
"1238","Montana","MT",2013,0,1,0,0,1,0,0,2004,2020,9
"1239","Montana","MT",1975,0,0,0,1,1,0,0,2004,2020,-29
"1240","Montana","MT",1982,0,0,0,1,1,0,0,2004,2020,-22
"1241","Montana","MT",1977,0,0,0,1,1,0,0,2004,2020,-27
"1242","Montana","MT",1987,0,0,0,1,1,0,0,2004,2020,-17
"1243","Montana","MT",2002,0,0,0,1,1,0,0,2004,2020,-2
"1244","Montana","MT",1976,0,0,0,1,1,0,0,2004,2020,-28
"1245","Montana","MT",2015,0,1,0,0,1,0,0,2004,2020,11
"1246","Montana","MT",1973,0,0,0,1,1,0,0,2004,2020,-31
"1247","Montana","MT",1986,0,0,0,1,1,0,0,2004,2020,-18
"1248","Montana","MT",2021,1,1,1,0,1,0,0,2004,2020,17
"1249","Montana","MT",2000,0,0,0,1,1,0,0,2004,2020,-4
"1250","Montana","MT",2003,0,0,0,1,1,0,0,2004,2020,-1
"1251","Montana","MT",1992,0,0,0,1,1,0,0,2004,2020,-12
"1252","Montana","MT",2017,0,1,0,0,1,0,0,2004,2020,13
"1253","Montana","MT",2009,0,1,0,0,1,0,0,2004,2020,5
"1254","Montana","MT",2006,0,1,0,0,1,0,0,2004,2020,2
"1255","Montana","MT",1998,0,0,0,1,1,0,0,2004,2020,-6
"1256","Montana","MT",1994,0,0,0,1,1,0,0,2004,2020,-10
"1257","Montana","MT",2012,0,1,0,0,1,0,0,2004,2020,8
"1258","Montana","MT",1980,0,0,0,1,1,0,0,2004,2020,-24
"1259","Montana","MT",2019,0,1,0,0,1,0,0,2004,2020,15
"1260","Montana","MT",1997,0,0,0,1,1,0,0,2004,2020,-7
"1261","Montana","MT",1978,0,0,0,1,1,0,0,2004,2020,-26
"1262","Montana","MT",2014,0,1,0,0,1,0,0,2004,2020,10
"1263","Montana","MT",2018,0,1,0,0,1,0,0,2004,2020,14
"1264","Montana","MT",2007,0,1,0,0,1,0,0,2004,2020,3
"1265","Montana","MT",2016,0,1,0,0,1,0,0,2004,2020,12
"1266","Montana","MT",1974,0,0,0,1,1,0,0,2004,2020,-30
"1267","Montana","MT",1995,0,0,0,1,1,0,0,2004,2020,-9
"1268","Montana","MT",1981,0,0,0,1,1,0,0,2004,2020,-23
"1269","Montana","MT",1996,0,0,0,1,1,0,0,2004,2020,-8
"1270","Montana","MT",2011,0,1,0,0,1,0,0,2004,2020,7
"1271","Montana","MT",1990,0,0,0,1,1,0,0,2004,2020,-14
"1272","Montana","MT",1979,0,0,0,1,1,0,0,2004,2020,-25
"1273","Montana","MT",2010,0,1,0,0,1,0,0,2004,2020,6
"1274","Montana","MT",1991,0,0,0,1,1,0,0,2004,2020,-13
"1324","Nevada","NV",1988,0,0,0,1,1,0,0,2000,2016,-12
"1325","Nevada","NV",2005,0,1,0,0,1,0,0,2000,2016,5
"1326","Nevada","NV",1995,0,0,0,1,1,0,0,2000,2016,-5
"1327","Nevada","NV",1989,0,0,0,1,1,0,0,2000,2016,-11
"1328","Nevada","NV",1979,0,0,0,1,1,0,0,2000,2016,-21
"1329","Nevada","NV",2010,0,1,0,0,1,0,0,2000,2016,10
"1330","Nevada","NV",2006,0,1,0,0,1,0,0,2000,2016,6
"1331","Nevada","NV",1990,0,0,0,1,1,0,0,2000,2016,-10
"1332","Nevada","NV",1974,0,0,0,1,1,0,0,2000,2016,-26
"1333","Nevada","NV",1994,0,0,0,1,1,0,0,2000,2016,-6
"1334","Nevada","NV",2009,0,1,0,0,1,0,0,2000,2016,9
"1335","Nevada","NV",1978,0,0,0,1,1,0,0,2000,2016,-22
"1336","Nevada","NV",2019,1,1,0,0,1,0,0,2000,2016,19
"1337","Nevada","NV",1993,0,0,0,1,1,0,0,2000,2016,-7
"1338","Nevada","NV",2011,0,1,0,0,1,0,0,2000,2016,11
"1339","Nevada","NV",2017,1,1,0,0,1,0,0,2000,2016,17
"1340","Nevada","NV",1996,0,0,0,1,1,0,0,2000,2016,-4
"1341","Nevada","NV",2014,0,1,0,0,1,0,0,2000,2016,14
"1342","Nevada","NV",1991,0,0,0,1,1,0,0,2000,2016,-9
"1343","Nevada","NV",2003,0,1,0,0,1,0,0,2000,2016,3
"1344","Nevada","NV",1992,0,0,0,1,1,0,0,2000,2016,-8
"1345","Nevada","NV",1987,0,0,0,1,1,0,0,2000,2016,-13
"1346","Nevada","NV",2002,0,1,0,0,1,0,0,2000,2016,2
"1347","Nevada","NV",1997,0,0,0,1,1,0,0,2000,2016,-3
"1348","Nevada","NV",1983,0,0,0,1,1,0,0,2000,2016,-17
"1349","Nevada","NV",2018,1,1,0,0,1,0,0,2000,2016,18
"1350","Nevada","NV",2001,0,1,0,0,1,0,0,2000,2016,1
"1351","Nevada","NV",2008,0,1,0,0,1,0,0,2000,2016,8
"1352","Nevada","NV",1975,0,0,0,1,1,0,0,2000,2016,-25
"1353","Nevada","NV",2000,0,1,0,0,1,0,1,2000,2016,0
"1354","Nevada","NV",2007,0,1,0,0,1,0,0,2000,2016,7
"1355","Nevada","NV",1982,0,0,0,1,1,0,0,2000,2016,-18
"1356","Nevada","NV",2020,1,1,0,0,1,0,0,2000,2016,20
"1357","Nevada","NV",1998,0,0,0,1,1,0,0,2000,2016,-2
"1358","Nevada","NV",2013,0,1,0,0,1,0,0,2000,2016,13
"1359","Nevada","NV",1973,0,0,0,1,1,0,0,2000,2016,-27
"1360","Nevada","NV",1977,0,0,0,1,1,0,0,2000,2016,-23
"1361","Nevada","NV",1980,0,0,0,1,1,0,0,2000,2016,-20
"1362","Nevada","NV",1986,0,0,0,1,1,0,0,2000,2016,-14
"1363","Nevada","NV",1976,0,0,0,1,1,0,0,2000,2016,-24
"1364","Nevada","NV",1984,0,0,0,1,1,0,0,2000,2016,-16
"1365","Nevada","NV",2016,1,1,0,0,1,1,0,2000,2016,16
"1366","Nevada","NV",1985,0,0,0,1,1,0,0,2000,2016,-15
"1367","Nevada","NV",1999,0,0,0,1,1,0,0,2000,2016,-1
"1368","Nevada","NV",2004,0,1,0,0,1,0,0,2000,2016,4
"1369","Nevada","NV",2021,1,1,0,0,1,0,0,2000,2016,21
"1370","Nevada","NV",1981,0,0,0,1,1,0,0,2000,2016,-19
"1371","Nevada","NV",2012,0,1,0,0,1,0,0,2000,2016,12
"1372","Nevada","NV",2015,0,1,0,0,1,0,0,2000,2016,15
"1422","New Jersey","NJ",1975,0,0,0,1,1,0,0,2010,2021,-35
"1423","New Jersey","NJ",2021,1,1,1,0,1,1,0,2010,2021,11
"1424","New Jersey","NJ",2008,0,0,0,1,1,0,0,2010,2021,-2
"1425","New Jersey","NJ",1998,0,0,0,1,1,0,0,2010,2021,-12
"1426","New Jersey","NJ",1978,0,0,0,1,1,0,0,2010,2021,-32
"1427","New Jersey","NJ",2000,0,0,0,1,1,0,0,2010,2021,-10
"1428","New Jersey","NJ",1997,0,0,0,1,1,0,0,2010,2021,-13
"1429","New Jersey","NJ",1976,0,0,0,1,1,0,0,2010,2021,-34
"1430","New Jersey","NJ",2007,0,0,0,1,1,0,0,2010,2021,-3
"1431","New Jersey","NJ",2010,0,1,0,0,1,0,1,2010,2021,0
"1432","New Jersey","NJ",1993,0,0,0,1,1,0,0,2010,2021,-17
"1433","New Jersey","NJ",2002,0,0,0,1,1,0,0,2010,2021,-8
"1434","New Jersey","NJ",1995,0,0,0,1,1,0,0,2010,2021,-15
"1435","New Jersey","NJ",2020,0,1,0,0,1,0,0,2010,2021,10
"1436","New Jersey","NJ",2012,0,1,0,0,1,0,0,2010,2021,2
"1437","New Jersey","NJ",2001,0,0,0,1,1,0,0,2010,2021,-9
"1438","New Jersey","NJ",1980,0,0,0,1,1,0,0,2010,2021,-30
"1439","New Jersey","NJ",1994,0,0,0,1,1,0,0,2010,2021,-16
"1440","New Jersey","NJ",2004,0,0,0,1,1,0,0,2010,2021,-6
"1441","New Jersey","NJ",2011,0,1,0,0,1,0,0,2010,2021,1
"1442","New Jersey","NJ",1973,0,0,0,1,1,0,0,2010,2021,-37
"1443","New Jersey","NJ",1992,0,0,0,1,1,0,0,2010,2021,-18
"1444","New Jersey","NJ",2003,0,0,0,1,1,0,0,2010,2021,-7
"1445","New Jersey","NJ",1996,0,0,0,1,1,0,0,2010,2021,-14
"1446","New Jersey","NJ",2013,0,1,0,0,1,0,0,2010,2021,3
"1447","New Jersey","NJ",2009,0,0,0,1,1,0,0,2010,2021,-1
"1448","New Jersey","NJ",1988,0,0,0,1,1,0,0,2010,2021,-22
"1449","New Jersey","NJ",1981,0,0,0,1,1,0,0,2010,2021,-29
"1450","New Jersey","NJ",2005,0,0,0,1,1,0,0,2010,2021,-5
"1451","New Jersey","NJ",2019,0,1,0,0,1,0,0,2010,2021,9
"1452","New Jersey","NJ",1974,0,0,0,1,1,0,0,2010,2021,-36
"1453","New Jersey","NJ",1977,0,0,0,1,1,0,0,2010,2021,-33
"1454","New Jersey","NJ",2015,0,1,0,0,1,0,0,2010,2021,5
"1455","New Jersey","NJ",1983,0,0,0,1,1,0,0,2010,2021,-27
"1456","New Jersey","NJ",1999,0,0,0,1,1,0,0,2010,2021,-11
"1457","New Jersey","NJ",1989,0,0,0,1,1,0,0,2010,2021,-21
"1458","New Jersey","NJ",1982,0,0,0,1,1,0,0,2010,2021,-28
"1459","New Jersey","NJ",1979,0,0,0,1,1,0,0,2010,2021,-31
"1460","New Jersey","NJ",2006,0,0,0,1,1,0,0,2010,2021,-4
"1461","New Jersey","NJ",2017,0,1,0,0,1,0,0,2010,2021,7
"1462","New Jersey","NJ",1991,0,0,0,1,1,0,0,2010,2021,-19
"1463","New Jersey","NJ",2016,0,1,0,0,1,0,0,2010,2021,6
"1464","New Jersey","NJ",1984,0,0,0,1,1,0,0,2010,2021,-26
"1465","New Jersey","NJ",1987,0,0,0,1,1,0,0,2010,2021,-23
"1466","New Jersey","NJ",2014,0,1,0,0,1,0,0,2010,2021,4
"1467","New Jersey","NJ",1986,0,0,0,1,1,0,0,2010,2021,-24
"1468","New Jersey","NJ",1990,0,0,0,1,1,0,0,2010,2021,-20
"1469","New Jersey","NJ",1985,0,0,0,1,1,0,0,2010,2021,-25
"1470","New Jersey","NJ",2018,0,1,0,0,1,0,0,2010,2021,8
"1471","New Mexico","NM",2004,0,0,0,1,0,0,0,2007,2021,-3
"1472","New Mexico","NM",1984,0,0,0,1,0,0,0,2007,2021,-23
"1473","New Mexico","NM",2009,0,1,0,0,0,0,0,2007,2021,2
"1474","New Mexico","NM",2021,1,1,1,0,0,1,0,2007,2021,14
"1475","New Mexico","NM",1989,0,0,0,1,0,0,0,2007,2021,-18
"1476","New Mexico","NM",1999,0,0,0,1,0,0,0,2007,2021,-8
"1477","New Mexico","NM",2014,0,1,0,0,0,0,0,2007,2021,7
"1478","New Mexico","NM",1998,0,0,0,1,0,0,0,2007,2021,-9
"1479","New Mexico","NM",1981,0,0,0,1,0,0,0,2007,2021,-26
"1480","New Mexico","NM",2013,0,1,0,0,0,0,0,2007,2021,6
"1481","New Mexico","NM",1977,0,0,0,1,0,0,0,2007,2021,-30
"1482","New Mexico","NM",1991,0,0,0,1,0,0,0,2007,2021,-16
"1483","New Mexico","NM",2001,0,0,0,1,0,0,0,2007,2021,-6
"1484","New Mexico","NM",1990,0,0,0,1,0,0,0,2007,2021,-17
"1485","New Mexico","NM",1973,0,0,0,1,0,0,0,2007,2021,-34
"1486","New Mexico","NM",1976,0,0,0,1,0,0,0,2007,2021,-31
"1487","New Mexico","NM",1986,0,0,0,1,0,0,0,2007,2021,-21
"1488","New Mexico","NM",2018,0,1,0,0,0,0,0,2007,2021,11
"1489","New Mexico","NM",1997,0,0,0,1,0,0,0,2007,2021,-10
"1490","New Mexico","NM",1982,0,0,0,1,0,0,0,2007,2021,-25
"1491","New Mexico","NM",1985,0,0,0,1,0,0,0,2007,2021,-22
"1492","New Mexico","NM",1978,0,0,0,1,0,0,0,2007,2021,-29
"1493","New Mexico","NM",2002,0,0,0,1,0,0,0,2007,2021,-5
"1494","New Mexico","NM",2016,0,1,0,0,0,0,0,2007,2021,9
"1495","New Mexico","NM",1995,0,0,0,1,0,0,0,2007,2021,-12
"1496","New Mexico","NM",1974,0,0,0,1,0,0,0,2007,2021,-33
"1497","New Mexico","NM",1994,0,0,0,1,0,0,0,2007,2021,-13
"1498","New Mexico","NM",1983,0,0,0,1,0,0,0,2007,2021,-24
"1499","New Mexico","NM",2005,0,0,0,1,0,0,0,2007,2021,-2
"1500","New Mexico","NM",2000,0,0,0,1,0,0,0,2007,2021,-7
"1501","New Mexico","NM",1993,0,0,0,1,0,0,0,2007,2021,-14
"1502","New Mexico","NM",2012,0,1,0,0,0,0,0,2007,2021,5
"1503","New Mexico","NM",1979,0,0,0,1,0,0,0,2007,2021,-28
"1504","New Mexico","NM",2011,0,1,0,0,0,0,0,2007,2021,4
"1505","New Mexico","NM",2020,0,1,1,0,0,0,0,2007,2021,13
"1506","New Mexico","NM",2010,0,1,0,0,0,0,0,2007,2021,3
"1507","New Mexico","NM",1975,0,0,0,1,0,0,0,2007,2021,-32
"1508","New Mexico","NM",2007,0,1,0,0,0,0,1,2007,2021,0
"1509","New Mexico","NM",2008,0,1,0,0,0,0,0,2007,2021,1
"1510","New Mexico","NM",2006,0,0,0,1,0,0,0,2007,2021,-1
"1511","New Mexico","NM",1987,0,0,0,1,0,0,0,2007,2021,-20
"1512","New Mexico","NM",2015,0,1,0,0,0,0,0,2007,2021,8
"1513","New Mexico","NM",2019,0,1,1,0,0,0,0,2007,2021,12
"1514","New Mexico","NM",1980,0,0,0,1,0,0,0,2007,2021,-27
"1515","New Mexico","NM",2003,0,0,0,1,0,0,0,2007,2021,-4
"1516","New Mexico","NM",1992,0,0,0,1,0,0,0,2007,2021,-15
"1517","New Mexico","NM",1996,0,0,0,1,0,0,0,2007,2021,-11
"1518","New Mexico","NM",2017,0,1,0,0,0,0,0,2007,2021,10
"1519","New Mexico","NM",1988,0,0,0,1,0,0,0,2007,2021,-19
"1520","New York","NY",1990,0,0,1,0,0,0,0,2014,2021,-24
"1521","New York","NY",1999,0,0,1,0,0,0,0,2014,2021,-15
"1522","New York","NY",1996,0,0,1,0,0,0,0,2014,2021,-18
"1523","New York","NY",2019,0,1,1,0,0,0,0,2014,2021,5
"1524","New York","NY",1982,0,0,1,0,0,0,0,2014,2021,-32
"1525","New York","NY",1973,0,0,0,1,0,0,0,2014,2021,-41
"1526","New York","NY",2001,0,0,1,0,0,0,0,2014,2021,-13
"1527","New York","NY",2002,0,0,1,0,0,0,0,2014,2021,-12
"1528","New York","NY",1995,0,0,1,0,0,0,0,2014,2021,-19
"1529","New York","NY",2014,0,1,1,0,0,0,1,2014,2021,0
"1530","New York","NY",1983,0,0,1,0,0,0,0,2014,2021,-31
"1531","New York","NY",1984,0,0,1,0,0,0,0,2014,2021,-30
"1532","New York","NY",1994,0,0,1,0,0,0,0,2014,2021,-20
"1533","New York","NY",1977,0,0,1,0,0,0,0,2014,2021,-37
"1534","New York","NY",2021,1,1,1,0,0,1,0,2014,2021,7
"1535","New York","NY",1976,0,0,0,1,0,0,0,2014,2021,-38
"1536","New York","NY",2017,0,1,1,0,0,0,0,2014,2021,3
"1537","New York","NY",1989,0,0,1,0,0,0,0,2014,2021,-25
"1538","New York","NY",1978,0,0,1,0,0,0,0,2014,2021,-36
"1539","New York","NY",2020,0,1,1,0,0,0,0,2014,2021,6
"1540","New York","NY",1991,0,0,1,0,0,0,0,2014,2021,-23
"1541","New York","NY",1985,0,0,1,0,0,0,0,2014,2021,-29
"1542","New York","NY",2009,0,0,1,0,0,0,0,2014,2021,-5
"1543","New York","NY",2005,0,0,1,0,0,0,0,2014,2021,-9
"1544","New York","NY",1981,0,0,1,0,0,0,0,2014,2021,-33
"1545","New York","NY",1974,0,0,0,1,0,0,0,2014,2021,-40
"1546","New York","NY",2018,0,1,1,0,0,0,0,2014,2021,4
"1547","New York","NY",2003,0,0,1,0,0,0,0,2014,2021,-11
"1548","New York","NY",1986,0,0,1,0,0,0,0,2014,2021,-28
"1549","New York","NY",1979,0,0,1,0,0,0,0,2014,2021,-35
"1550","New York","NY",2010,0,0,1,0,0,0,0,2014,2021,-4
"1551","New York","NY",1992,0,0,1,0,0,0,0,2014,2021,-22
"1552","New York","NY",1975,0,0,0,1,0,0,0,2014,2021,-39
"1553","New York","NY",2016,0,1,1,0,0,0,0,2014,2021,2
"1554","New York","NY",2006,0,0,1,0,0,0,0,2014,2021,-8
"1555","New York","NY",2000,0,0,1,0,0,0,0,2014,2021,-14
"1556","New York","NY",1987,0,0,1,0,0,0,0,2014,2021,-27
"1557","New York","NY",2011,0,0,1,0,0,0,0,2014,2021,-3
"1558","New York","NY",2015,0,1,1,0,0,0,0,2014,2021,1
"1559","New York","NY",1988,0,0,1,0,0,0,0,2014,2021,-26
"1560","New York","NY",2004,0,0,1,0,0,0,0,2014,2021,-10
"1561","New York","NY",2007,0,0,1,0,0,0,0,2014,2021,-7
"1562","New York","NY",2008,0,0,1,0,0,0,0,2014,2021,-6
"1563","New York","NY",1997,0,0,1,0,0,0,0,2014,2021,-17
"1564","New York","NY",1998,0,0,1,0,0,0,0,2014,2021,-16
"1565","New York","NY",1993,0,0,1,0,0,0,0,2014,2021,-21
"1566","New York","NY",1980,0,0,1,0,0,0,0,2014,2021,-34
"1567","New York","NY",2013,0,0,1,0,0,0,0,2014,2021,-1
"1568","New York","NY",2012,0,0,1,0,0,0,0,2014,2021,-2
"1716","Oregon","OR",2004,0,1,1,0,1,0,0,1998,2014,6
"1717","Oregon","OR",2014,1,1,1,0,1,1,0,1998,2014,16
"1718","Oregon","OR",1995,0,0,1,0,1,0,0,1998,2014,-3
"1719","Oregon","OR",1977,0,0,1,0,1,0,0,1998,2014,-21
"1720","Oregon","OR",2000,0,1,1,0,1,0,0,1998,2014,2
"1721","Oregon","OR",2011,0,1,1,0,1,0,0,1998,2014,13
"1722","Oregon","OR",2015,1,1,1,0,1,0,0,1998,2014,17
"1723","Oregon","OR",2010,0,1,1,0,1,0,0,1998,2014,12
"1724","Oregon","OR",2002,0,1,1,0,1,0,0,1998,2014,4
"1725","Oregon","OR",1978,0,0,1,0,1,0,0,1998,2014,-20
"1726","Oregon","OR",2001,0,1,1,0,1,0,0,1998,2014,3
"1727","Oregon","OR",2009,0,1,1,0,1,0,0,1998,2014,11
"1728","Oregon","OR",1984,0,0,1,0,1,0,0,1998,2014,-14
"1729","Oregon","OR",2008,0,1,1,0,1,0,0,1998,2014,10
"1730","Oregon","OR",2012,0,1,1,0,1,0,0,1998,2014,14
"1731","Oregon","OR",1983,0,0,1,0,1,0,0,1998,2014,-15
"1732","Oregon","OR",2007,0,1,1,0,1,0,0,1998,2014,9
"1733","Oregon","OR",1980,0,0,1,0,1,0,0,1998,2014,-18
"1734","Oregon","OR",1982,0,0,1,0,1,0,0,1998,2014,-16
"1735","Oregon","OR",1999,0,1,1,0,1,0,0,1998,2014,1
"1736","Oregon","OR",1979,0,0,1,0,1,0,0,1998,2014,-19
"1737","Oregon","OR",1975,0,0,1,0,1,0,0,1998,2014,-23
"1738","Oregon","OR",1985,0,0,1,0,1,0,0,1998,2014,-13
"1739","Oregon","OR",1992,0,0,1,0,1,0,0,1998,2014,-6
"1740","Oregon","OR",2005,0,1,1,0,1,0,0,1998,2014,7
"1741","Oregon","OR",1994,0,0,1,0,1,0,0,1998,2014,-4
"1742","Oregon","OR",1998,0,1,1,0,1,0,1,1998,2014,0
"1743","Oregon","OR",1987,0,0,1,0,1,0,0,1998,2014,-11
"1744","Oregon","OR",2019,1,1,1,0,1,0,0,1998,2014,21
"1745","Oregon","OR",1997,0,0,1,0,1,0,0,1998,2014,-1
"1746","Oregon","OR",1990,0,0,1,0,1,0,0,1998,2014,-8
"1747","Oregon","OR",2003,0,1,1,0,1,0,0,1998,2014,5
"1748","Oregon","OR",1986,0,0,1,0,1,0,0,1998,2014,-12
"1749","Oregon","OR",2006,0,1,1,0,1,0,0,1998,2014,8
"1750","Oregon","OR",1989,0,0,1,0,1,0,0,1998,2014,-9
"1751","Oregon","OR",2017,1,1,1,0,1,0,0,1998,2014,19
"1752","Oregon","OR",1981,0,0,1,0,1,0,0,1998,2014,-17
"1753","Oregon","OR",1996,0,0,1,0,1,0,0,1998,2014,-2
"1754","Oregon","OR",2016,1,1,1,0,1,0,0,1998,2014,18
"1755","Oregon","OR",1974,0,0,1,0,1,0,0,1998,2014,-24
"1756","Oregon","OR",2020,1,1,1,0,1,0,0,1998,2014,22
"1757","Oregon","OR",1991,0,0,1,0,1,0,0,1998,2014,-7
"1758","Oregon","OR",1973,0,0,1,0,1,0,0,1998,2014,-25
"1759","Oregon","OR",1993,0,0,1,0,1,0,0,1998,2014,-5
"1760","Oregon","OR",1988,0,0,1,0,1,0,0,1998,2014,-10
"1761","Oregon","OR",2021,1,1,1,0,1,0,0,1998,2014,23
"1762","Oregon","OR",2013,0,1,1,0,1,0,0,1998,2014,15
"1763","Oregon","OR",2018,1,1,1,0,1,0,0,1998,2014,20
"1764","Oregon","OR",1976,0,0,1,0,1,0,0,1998,2014,-22
"1814","Rhode Island","RI",1981,0,0,0,1,0,0,0,2006,2021,-25
"1815","Rhode Island","RI",2002,0,0,0,1,0,0,0,2006,2021,-4
"1816","Rhode Island","RI",2016,0,1,1,0,0,0,0,2006,2021,10
"1817","Rhode Island","RI",1986,0,0,0,1,0,0,0,2006,2021,-20
"1818","Rhode Island","RI",1991,0,0,0,1,0,0,0,2006,2021,-15
"1819","Rhode Island","RI",1987,0,0,0,1,0,0,0,2006,2021,-19
"1820","Rhode Island","RI",2021,1,1,1,0,0,1,0,2006,2021,15
"1821","Rhode Island","RI",1980,0,0,0,1,0,0,0,2006,2021,-26
"1822","Rhode Island","RI",2003,0,0,0,1,0,0,0,2006,2021,-3
"1823","Rhode Island","RI",2004,0,0,0,1,0,0,0,2006,2021,-2
"1824","Rhode Island","RI",1997,0,0,0,1,0,0,0,2006,2021,-9
"1825","Rhode Island","RI",1989,0,0,0,1,0,0,0,2006,2021,-17
"1826","Rhode Island","RI",1983,0,0,0,1,0,0,0,2006,2021,-23
"1827","Rhode Island","RI",2009,0,1,0,0,0,0,0,2006,2021,3
"1828","Rhode Island","RI",2006,0,1,0,0,0,0,1,2006,2021,0
"1829","Rhode Island","RI",2001,0,0,0,1,0,0,0,2006,2021,-5
"1830","Rhode Island","RI",1984,0,0,0,1,0,0,0,2006,2021,-22
"1831","Rhode Island","RI",2020,0,1,1,0,0,0,0,2006,2021,14
"1832","Rhode Island","RI",2013,0,1,1,0,0,0,0,2006,2021,7
"1833","Rhode Island","RI",1994,0,0,0,1,0,0,0,2006,2021,-12
"1834","Rhode Island","RI",2019,0,1,1,0,0,0,0,2006,2021,13
"1835","Rhode Island","RI",2007,0,1,0,0,0,0,0,2006,2021,1
"1836","Rhode Island","RI",2018,0,1,1,0,0,0,0,2006,2021,12
"1837","Rhode Island","RI",1979,0,0,0,1,0,0,0,2006,2021,-27
"1838","Rhode Island","RI",2011,0,1,0,0,0,0,0,2006,2021,5
"1839","Rhode Island","RI",1993,0,0,0,1,0,0,0,2006,2021,-13
"1840","Rhode Island","RI",2015,0,1,1,0,0,0,0,2006,2021,9
"1841","Rhode Island","RI",1985,0,0,0,1,0,0,0,2006,2021,-21
"1842","Rhode Island","RI",2017,0,1,1,0,0,0,0,2006,2021,11
"1843","Rhode Island","RI",2008,0,1,0,0,0,0,0,2006,2021,2
"1844","Rhode Island","RI",1998,0,0,0,1,0,0,0,2006,2021,-8
"1845","Rhode Island","RI",1974,0,0,0,1,0,0,0,2006,2021,-32
"1846","Rhode Island","RI",1992,0,0,0,1,0,0,0,2006,2021,-14
"1847","Rhode Island","RI",1977,0,0,0,1,0,0,0,2006,2021,-29
"1848","Rhode Island","RI",2012,0,1,1,0,0,0,0,2006,2021,6
"1849","Rhode Island","RI",1973,0,0,0,1,0,0,0,2006,2021,-33
"1850","Rhode Island","RI",1978,0,0,0,1,0,0,0,2006,2021,-28
"1851","Rhode Island","RI",2010,0,1,0,0,0,0,0,2006,2021,4
"1852","Rhode Island","RI",1996,0,0,0,1,0,0,0,2006,2021,-10
"1853","Rhode Island","RI",1976,0,0,0,1,0,0,0,2006,2021,-30
"1854","Rhode Island","RI",1990,0,0,0,1,0,0,0,2006,2021,-16
"1855","Rhode Island","RI",1982,0,0,0,1,0,0,0,2006,2021,-24
"1856","Rhode Island","RI",1988,0,0,0,1,0,0,0,2006,2021,-18
"1857","Rhode Island","RI",1995,0,0,0,1,0,0,0,2006,2021,-11
"1858","Rhode Island","RI",2000,0,0,0,1,0,0,0,2006,2021,-6
"1859","Rhode Island","RI",1975,0,0,0,1,0,0,0,2006,2021,-31
"1860","Rhode Island","RI",2005,0,0,0,1,0,0,0,2006,2021,-1
"1861","Rhode Island","RI",2014,0,1,1,0,0,0,0,2006,2021,8
"1862","Rhode Island","RI",1999,0,0,0,1,0,0,0,2006,2021,-7
"2108","Vermont","VT",2012,0,1,0,0,0,0,0,2004,2018,8
"2109","Vermont","VT",1992,0,0,0,1,0,0,0,2004,2018,-12
"2110","Vermont","VT",1988,0,0,0,1,0,0,0,2004,2018,-16
"2111","Vermont","VT",2018,1,1,1,0,0,1,0,2004,2018,14
"2112","Vermont","VT",2004,0,1,0,0,0,0,1,2004,2018,0
"2113","Vermont","VT",1993,0,0,0,1,0,0,0,2004,2018,-11
"2114","Vermont","VT",2005,0,1,0,0,0,0,0,2004,2018,1
"2115","Vermont","VT",2020,1,1,1,0,0,0,0,2004,2018,16
"2116","Vermont","VT",2007,0,1,0,0,0,0,0,2004,2018,3
"2117","Vermont","VT",2017,0,1,1,0,0,0,0,2004,2018,13
"2118","Vermont","VT",1987,0,0,0,1,0,0,0,2004,2018,-17
"2119","Vermont","VT",2016,0,1,1,0,0,0,0,2004,2018,12
"2120","Vermont","VT",1978,0,0,0,1,0,0,0,2004,2018,-26
"2121","Vermont","VT",2015,0,1,1,0,0,0,0,2004,2018,11
"2122","Vermont","VT",2003,0,0,0,1,0,0,0,2004,2018,-1
"2123","Vermont","VT",2000,0,0,0,1,0,0,0,2004,2018,-4
"2124","Vermont","VT",1986,0,0,0,1,0,0,0,2004,2018,-18
"2125","Vermont","VT",2014,0,1,1,0,0,0,0,2004,2018,10
"2126","Vermont","VT",2009,0,1,0,0,0,0,0,2004,2018,5
"2127","Vermont","VT",1985,0,0,0,1,0,0,0,2004,2018,-19
"2128","Vermont","VT",2019,1,1,1,0,0,0,0,2004,2018,15
"2129","Vermont","VT",1995,0,0,0,1,0,0,0,2004,2018,-9
"2130","Vermont","VT",1982,0,0,0,1,0,0,0,2004,2018,-22
"2131","Vermont","VT",2008,0,1,0,0,0,0,0,2004,2018,4
"2132","Vermont","VT",2010,0,1,0,0,0,0,0,2004,2018,6
"2133","Vermont","VT",2011,0,1,0,0,0,0,0,2004,2018,7
"2134","Vermont","VT",1994,0,0,0,1,0,0,0,2004,2018,-10
"2135","Vermont","VT",1990,0,0,0,1,0,0,0,2004,2018,-14
"2136","Vermont","VT",1975,0,0,0,1,0,0,0,2004,2018,-29
"2137","Vermont","VT",1976,0,0,0,1,0,0,0,2004,2018,-28
"2138","Vermont","VT",2002,0,0,0,1,0,0,0,2004,2018,-2
"2139","Vermont","VT",1989,0,0,0,1,0,0,0,2004,2018,-15
"2140","Vermont","VT",1998,0,0,0,1,0,0,0,2004,2018,-6
"2141","Vermont","VT",1991,0,0,0,1,0,0,0,2004,2018,-13
"2142","Vermont","VT",1999,0,0,0,1,0,0,0,2004,2018,-5
"2143","Vermont","VT",2001,0,0,0,1,0,0,0,2004,2018,-3
"2144","Vermont","VT",1997,0,0,0,1,0,0,0,2004,2018,-7
"2145","Vermont","VT",1973,0,0,0,1,0,0,0,2004,2018,-31
"2146","Vermont","VT",1974,0,0,0,1,0,0,0,2004,2018,-30
"2147","Vermont","VT",2006,0,1,0,0,0,0,0,2004,2018,2
"2148","Vermont","VT",2013,0,1,1,0,0,0,0,2004,2018,9
"2149","Vermont","VT",2021,1,1,1,0,0,0,0,2004,2018,17
"2150","Vermont","VT",1983,0,0,0,1,0,0,0,2004,2018,-21
"2151","Vermont","VT",1996,0,0,0,1,0,0,0,2004,2018,-8
"2152","Vermont","VT",1977,0,0,0,1,0,0,0,2004,2018,-27
"2153","Vermont","VT",1981,0,0,0,1,0,0,0,2004,2018,-23
"2154","Vermont","VT",1980,0,0,0,1,0,0,0,2004,2018,-24
"2155","Vermont","VT",1979,0,0,0,1,0,0,0,2004,2018,-25
"2156","Vermont","VT",1984,0,0,0,1,0,0,0,2004,2018,-20
"2157","Virginia","VA",1986,0,0,0,1,0,0,0,2018,2021,-32
"2158","Virginia","VA",2006,0,0,0,1,0,0,0,2018,2021,-12
"2159","Virginia","VA",2013,0,0,0,1,0,0,0,2018,2021,-5
"2160","Virginia","VA",1993,0,0,0,1,0,0,0,2018,2021,-25
"2161","Virginia","VA",2018,0,1,0,0,0,0,1,2018,2021,0
"2162","Virginia","VA",2020,0,1,1,0,0,0,0,2018,2021,2
"2163","Virginia","VA",1979,0,0,0,1,0,0,0,2018,2021,-39
"2164","Virginia","VA",2005,0,0,0,1,0,0,0,2018,2021,-13
"2165","Virginia","VA",2004,0,0,0,1,0,0,0,2018,2021,-14
"2166","Virginia","VA",1987,0,0,0,1,0,0,0,2018,2021,-31
"2167","Virginia","VA",1974,0,0,0,1,0,0,0,2018,2021,-44
"2168","Virginia","VA",1976,0,0,0,1,0,0,0,2018,2021,-42
"2169","Virginia","VA",2017,0,0,0,1,0,0,0,2018,2021,-1
"2170","Virginia","VA",2003,0,0,0,1,0,0,0,2018,2021,-15
"2171","Virginia","VA",2010,0,0,0,1,0,0,0,2018,2021,-8
"2172","Virginia","VA",1992,0,0,0,1,0,0,0,2018,2021,-26
"2173","Virginia","VA",1988,0,0,0,1,0,0,0,2018,2021,-30
"2174","Virginia","VA",1989,0,0,0,1,0,0,0,2018,2021,-29
"2175","Virginia","VA",2009,0,0,0,1,0,0,0,2018,2021,-9
"2176","Virginia","VA",1998,0,0,0,1,0,0,0,2018,2021,-20
"2177","Virginia","VA",2011,0,0,0,1,0,0,0,2018,2021,-7
"2178","Virginia","VA",1994,0,0,0,1,0,0,0,2018,2021,-24
"2179","Virginia","VA",1991,0,0,0,1,0,0,0,2018,2021,-27
"2180","Virginia","VA",2007,0,0,0,1,0,0,0,2018,2021,-11
"2181","Virginia","VA",1973,0,0,0,1,0,0,0,2018,2021,-45
"2182","Virginia","VA",1975,0,0,0,1,0,0,0,2018,2021,-43
"2183","Virginia","VA",1996,0,0,0,1,0,0,0,2018,2021,-22
"2184","Virginia","VA",2021,1,1,1,0,0,1,0,2018,2021,3
"2185","Virginia","VA",2016,0,0,0,1,0,0,0,2018,2021,-2
"2186","Virginia","VA",1981,0,0,0,1,0,0,0,2018,2021,-37
"2187","Virginia","VA",2008,0,0,0,1,0,0,0,2018,2021,-10
"2188","Virginia","VA",2015,0,0,0,1,0,0,0,2018,2021,-3
"2189","Virginia","VA",1995,0,0,0,1,0,0,0,2018,2021,-23
"2190","Virginia","VA",1980,0,0,0,1,0,0,0,2018,2021,-38
"2191","Virginia","VA",2001,0,0,0,1,0,0,0,2018,2021,-17
"2192","Virginia","VA",2019,0,1,0,0,0,0,0,2018,2021,1
"2193","Virginia","VA",2014,0,0,0,1,0,0,0,2018,2021,-4
"2194","Virginia","VA",2002,0,0,0,1,0,0,0,2018,2021,-16
"2195","Virginia","VA",1999,0,0,0,1,0,0,0,2018,2021,-19
"2196","Virginia","VA",2000,0,0,0,1,0,0,0,2018,2021,-18
"2197","Virginia","VA",1983,0,0,0,1,0,0,0,2018,2021,-35
"2198","Virginia","VA",1984,0,0,0,1,0,0,0,2018,2021,-34
"2199","Virginia","VA",1978,0,0,0,1,0,0,0,2018,2021,-40
"2200","Virginia","VA",1982,0,0,0,1,0,0,0,2018,2021,-36
"2201","Virginia","VA",2012,0,0,0,1,0,0,0,2018,2021,-6
"2202","Virginia","VA",1990,0,0,0,1,0,0,0,2018,2021,-28
"2203","Virginia","VA",1985,0,0,0,1,0,0,0,2018,2021,-33
"2204","Virginia","VA",1977,0,0,0,1,0,0,0,2018,2021,-41
"2205","Virginia","VA",1997,0,0,0,1,0,0,0,2018,2021,-21
"2206","Washington","WA",1987,0,0,0,1,1,0,0,1998,2012,-11
"2207","Washington","WA",1973,0,0,0,1,1,0,0,1998,2012,-25
"2208","Washington","WA",1977,0,0,0,1,1,0,0,1998,2012,-21
"2209","Washington","WA",2019,1,1,1,0,1,0,0,1998,2012,21
"2210","Washington","WA",1988,0,0,0,1,1,0,0,1998,2012,-10
"2211","Washington","WA",2007,0,1,0,0,1,0,0,1998,2012,9
"2212","Washington","WA",1975,0,0,0,1,1,0,0,1998,2012,-23
"2213","Washington","WA",2006,0,1,0,0,1,0,0,1998,2012,8
"2214","Washington","WA",2014,1,1,1,0,1,0,0,1998,2012,16
"2215","Washington","WA",2009,0,1,0,0,1,0,0,1998,2012,11
"2216","Washington","WA",2004,0,1,0,0,1,0,0,1998,2012,6
"2217","Washington","WA",1982,0,0,0,1,1,0,0,1998,2012,-16
"2218","Washington","WA",2021,1,1,1,0,1,0,0,1998,2012,23
"2219","Washington","WA",1978,0,0,0,1,1,0,0,1998,2012,-20
"2220","Washington","WA",2017,1,1,1,0,1,0,0,1998,2012,19
"2221","Washington","WA",2011,0,1,0,0,1,0,0,1998,2012,13
"2222","Washington","WA",1974,0,0,0,1,1,0,0,1998,2012,-24
"2223","Washington","WA",2018,1,1,1,0,1,0,0,1998,2012,20
"2224","Washington","WA",1997,0,0,0,1,1,0,0,1998,2012,-1
"2225","Washington","WA",1980,0,0,0,1,1,0,0,1998,2012,-18
"2226","Washington","WA",2010,0,1,0,0,1,0,0,1998,2012,12
"2227","Washington","WA",1989,0,0,0,1,1,0,0,1998,2012,-9
"2228","Washington","WA",2016,1,1,1,0,1,0,0,1998,2012,18
"2229","Washington","WA",1992,0,0,0,1,1,0,0,1998,2012,-6
"2230","Washington","WA",1979,0,0,0,1,1,0,0,1998,2012,-19
"2231","Washington","WA",1995,0,0,0,1,1,0,0,1998,2012,-3
"2232","Washington","WA",2005,0,1,0,0,1,0,0,1998,2012,7
"2233","Washington","WA",1994,0,0,0,1,1,0,0,1998,2012,-4
"2234","Washington","WA",2008,0,1,0,0,1,0,0,1998,2012,10
"2235","Washington","WA",1981,0,0,0,1,1,0,0,1998,2012,-17
"2236","Washington","WA",1993,0,0,0,1,1,0,0,1998,2012,-5
"2237","Washington","WA",2001,0,1,0,0,1,0,0,1998,2012,3
"2238","Washington","WA",1990,0,0,0,1,1,0,0,1998,2012,-8
"2239","Washington","WA",2000,0,1,0,0,1,0,0,1998,2012,2
"2240","Washington","WA",1986,0,0,0,1,1,0,0,1998,2012,-12
"2241","Washington","WA",1976,0,0,0,1,1,0,0,1998,2012,-22
"2242","Washington","WA",1999,0,1,0,0,1,0,0,1998,2012,1
"2243","Washington","WA",2003,0,1,0,0,1,0,0,1998,2012,5
"2244","Washington","WA",1991,0,0,0,1,1,0,0,1998,2012,-7
"2245","Washington","WA",2002,0,1,0,0,1,0,0,1998,2012,4
"2246","Washington","WA",2020,1,1,1,0,1,0,0,1998,2012,22
"2247","Washington","WA",2015,1,1,1,0,1,0,0,1998,2012,17
"2248","Washington","WA",2013,1,1,1,0,1,0,0,1998,2012,15
"2249","Washington","WA",1983,0,0,0,1,1,0,0,1998,2012,-15
"2250","Washington","WA",2012,1,1,1,0,1,1,0,1998,2012,14
"2251","Washington","WA",1984,0,0,0,1,1,0,0,1998,2012,-14
"2252","Washington","WA",1998,0,1,0,0,1,0,1,1998,2012,0
"2253","Washington","WA",1996,0,0,0,1,1,0,0,1998,2012,-2
"2254","Washington","WA",1985,0,0,0,1,1,0,0,1998,2012,-13
